{
  "Get - Task" : {
    "transaction" : "Get - Task",
    "sampleCount" : 100,
    "errorCount" : 0,
    "errorPct" : 0.0,
    "meanResTime" : 3.5900000000000007,
    "minResTime" : 2.0,
    "maxResTime" : 13.0,
    "pct1ResTime" : 6.0,
    "pct2ResTime" : 6.0,
    "pct3ResTime" : 12.949999999999974,
    "throughput" : 1.6995819028518984,
    "receivedKBytesPerSec" : 0.5775922872973248,
    "sentKBytesPerSec" : 0.27717790798463576
  },
  "Get - All tasks " : {
    "transaction" : "Get - All tasks ",
    "sampleCount" : 100,
    "errorCount" : 0,
    "errorPct" : 0.0,
    "meanResTime" : 6.07,
    "minResTime" : 3.0,
    "maxResTime" : 25.0,
    "pct1ResTime" : 9.0,
    "pct2ResTime" : 10.0,
    "pct3ResTime" : 24.869999999999933,
    "throughput" : 1.699524133242692,
    "receivedKBytesPerSec" : 1.2846012491502379,
    "sentKBytesPerSec" : 0.2738491035010197
  },
  "Get - ParentTasks" : {
    "transaction" : "Get - ParentTasks",
    "sampleCount" : 100,
    "errorCount" : 0,
    "errorPct" : 0.0,
    "meanResTime" : 3.1299999999999994,
    "minResTime" : 1.0,
    "maxResTime" : 8.0,
    "pct1ResTime" : 5.0,
    "pct2ResTime" : 6.0,
    "pct3ResTime" : 8.0,
    "throughput" : 1.6994374861920705,
    "receivedKBytesPerSec" : 0.5393722490355692,
    "sentKBytesPerSec" : 0.27549474873816765
  },
  "Total" : {
    "transaction" : "Total",
    "sampleCount" : 500,
    "errorCount" : 0,
    "errorPct" : 0.0,
    "meanResTime" : 3.9560000000000013,
    "minResTime" : 1.0,
    "maxResTime" : 25.0,
    "pct1ResTime" : 6.0,
    "pct2ResTime" : 9.0,
    "pct3ResTime" : 11.0,
    "throughput" : 8.494877588813946,
    "receivedKBytesPerSec" : 4.224210613500059,
    "sentKBytesPerSec" : 1.5446740303097233
  },
  "Post - Task" : {
    "transaction" : "Post - Task",
    "sampleCount" : 100,
    "errorCount" : 0,
    "errorPct" : 0.0,
    "meanResTime" : 3.8200000000000003,
    "minResTime" : 2.0,
    "maxResTime" : 20.0,
    "pct1ResTime" : 6.0,
    "pct2ResTime" : 6.949999999999989,
    "pct3ResTime" : 19.909999999999954,
    "throughput" : 1.6994374861920705,
    "receivedKBytesPerSec" : 1.2845357561647095,
    "sentKBytesPerSec" : 0.5177973590741465
  },
  "Post - ParentTasks" : {
    "transaction" : "Post - ParentTasks",
    "sampleCount" : 100,
    "errorCount" : 0,
    "errorPct" : 0.0,
    "meanResTime" : 3.1699999999999995,
    "minResTime" : 1.0,
    "maxResTime" : 9.0,
    "pct1ResTime" : 5.0,
    "pct2ResTime" : 5.949999999999989,
    "pct3ResTime" : 8.989999999999995,
    "throughput" : 1.6994952499107765,
    "receivedKBytesPerSec" : 0.5393905822470726,
    "sentKBytesPerSec" : 0.2008192629289101
  }
}